gait_frequencies,walk_Spine,trot_Spine,walk_NoSpine,trot_NoSpine
1,0.01238449287246121,0.014392592728338954,0.03599665413878449,0.0443814986437613
2,0.022455967289986847,0.021845099020916782,0.051963411406642845,0.05080045278137128
3,0.028536261899571255,0.020678646656134808,0.052752216550241815,0.051324990197359824
