gait_frequencies,walk_s,trot_s,walk_ns,trot_ns
1,0.2715113333333332,0.23511633333333337,0.33841666666666664,0.24221166666666666
2,0.27962433333333336,0.15222933333333333,0.31366433333333327,0.16584700000000002
3,0.23016366666666666,0.14644199999999996,0.23290966666666668,0.14930833333333332
